Gender,Age
male,23
male,29
male,29
female,49
female,33
male,31
male,60
male,38
female,60
female,27
female,51
male,25
female,46
female,38
male,52
male,23
female,31
female,49
male,29
male,21
female,59
male,39
male,60
male,52
female,61
female,49
male,39
male,53
female,40
female,54
female,54
male,39
female,30
female,62
male,52
male,47
male,54
female,32
female,47
male,55
female,31
male,49
female,29
female,55
female,56
female,42
male,51
male,40
female,30
female,48
female,61
male,56
female,60
male,53
male,57
female,44
male,33
male,50
male,30
female,47
male,38
female,53
female,42
female,63
male,40
male,56
male,38
male,53
female,41
female,30
male,21
female,23
male,21
female,24
male,55
female,55
male,55
female,53
female,47
female,51
male,61
female,35
female,48
male,52
female,47
female,49
female,38
female,32
female,49
female,60
female,42
male,56
female,38
male,27
female,41
male,62
female,23
female,21
female,43
female,48
male,38
female,34
male,21
female,52
female,38
female,22
female,23
male,57
female,43
male,38
male,33
male,51
male,58
female,62
female,36
female,32
male,32
male,61
female,28
female,32
male,50
male,64
male,23
female,52
male,59
female,37
female,36
male,56
male,48
male,26
female,29
female,58
female,55
female,50
female,61
female,35
female,64
male,59
male,37
female,55
male,57
female,46
male,41
female,33
male,34
female,27
female,39
female,50
male,29
male,36
male,43
male,35
female,36
female,32
male,47
male,54
male,59
male,48
female,33
female,43
male,56
male,46
female,28
female,34
female,29
male,53
female,56
female,59
male,51
female,35
female,48
female,61
female,23
male,51
male,32
female,45
female,25
male,21
male,39
female,58
male,44
female,60
female,29
male,53
female,26
male,37
female,26
female,24
female,48
female,43
female,38
male,44
male,54
female,27
female,25
male,59
male,46
male,43
female,29
male,63
female,49
female,43
male,30
female,40
male,24
female,30
female,47
male,58
male,62
female,45
male,63
female,49
female,41
male,35
male,53
male,42
male,40
female,33
female,40
female,26
male,30
male,53
female,47
male,60
male,30
male,30
male,28
male,30
female,44
male,62
female,62
female,24
male,53
male,39
female,61
female,39
female,49
female,44
female,24
male,57
female,37
male,22
male,27
female,35
male,26
female,52
male,27
male,53
female,42
female,41
male,59
male,49
female,29
male,51
male,31
male,40
male,43
female,32
female,37
female,56
female,59
male,43
female,54
female,44
female,48
female,54
male,43
male,25
female,56
male,19
female,25
male,33
female,32
female,28
male,40
female,52
female,29
male,47
female,36
male,43
female,30
male,52
female,61
female,36
male,48
female,39
female,46
male,44
female,59
male,37
female,60
female,52
female,31
male,33
female,38
male,36
male,56
female,56
male,63
male,63
male,44
male,31
female,27
female,43
male,47
male,29
male,44
male,54
male,55
male,40
female,31
female,23
female,25
male,50
female,20
female,52
male,55
female,53
male,41
female,40
male,62
female,25
female,38
female,55
male,59
female,29
female,27
female,62
male,58
female,63
male,58
male,33
male,62
female,21
male,37
male,55
male,43
male,58
female,20
male,37
male,28
female,21
female,42
male,35
male,33
male,58
female,23
male,44
female,56
male,42
female,20
female,55
male,37
male,62
female,27
female,45
male,27
female,39
male,24
female,43
male,26
female,24
female,56
male,30
female,41
male,44
female,39
male,56
female,62
female,23
female,32
female,44
female,49
male,31
male,29
male,33
female,45
male,20
female,49
female,30
female,41
female,61
male,56
male,53
female,37
female,55
male,33
male,35
female,47
female,46
male,54
female,38
female,29
male,49
female,55
male,31
male,47
male,47
female,39
male,28
male,51
male,38
male,61
male,40
female,59
female,53
male,24
female,52
male,58
female,60
male,48
male,56
female,53
male,45
male,41
male,41
female,23
male,44
male,33
female,34
female,49
female,44
female,37
male,39
male,50
male,27
female,60
male,28
male,42
male,56
male,38
female,31
male,43
female,50
female,32
male,38
male,45
female,50
male,54
female,38
female,19
male,30
female,54
male,54
female,55
female,44
female,45
female,39
female,60
female,59
female,43
male,33
female,60
male,35
male,54
male,49
male,36
female,26
female,29
male,30
female,24
female,57
male,30
female,20
male,55
male,47
female,47
female,51
male,31
male,47
female,49
male,54
female,55
female,41
male,31
female,57
female,49
male,39
male,50
male,25
female,48
female,25
male,54
female,35
male,55
male,25
male,58
female,43
male,54
female,46
female,44
female,41
male,52
female,55
male,51
female,35
male,30
female,48
male,34
male,63
